"Id","Position","First Name","Nickname","Last Name","FPPG","Played","Salary","Game","Team","Opponent","Injury Indicator","Injury Details","",""
"24098-15755","PF","Anthony","Anthony Davis","Davis","53.80833333333333","60","12900","CHA@NO","NO","CHA","","","",""
"24098-9488","SF","LeBron","LeBron James","James","53.435820166744406","67","12500","CLE@PHO","CLE","PHO","","","",""
"24098-9642","PG","Russell","Russell Westbrook","Westbrook","53.06176398782169","68","12000","OKC@ATL","OKC","ATL","","","",""
"24098-58462","C","Karl-Anthony","Karl-Anthony Towns","Towns","43.230433367300726","69","10000","MIN@WAS","MIN","WAS","","","",""
"24098-15557","C","Andre","Andre Drummond","Drummond","45.29384765625","65","9800","DET@UTA","DET","UTA","","","",""
"24098-49111","C","Joel","Joel Embiid","Embiid","44.012499128069194","56","9800","IND@PHI","PHI","IND","","","",""
"24098-14528","SF","Jimmy","Jimmy Butler","Butler","41.38392857142857","56","9700","MIN@WAS","MIN","WAS","O","Knee","",""
"24098-55062","C","Nikola","Nikola Jokic","Jokic","41.575","60","9700","DEN@LAL","DEN","LAL","","","",""
"24098-40203","C","Rudy","Rudy Gobert","Gobert","35.604879239710364","41","9500","DET@UTA","UTA","DET","","","",""
"24098-15684","SG","Victor","Victor Oladipo","Oladipo","42.31774114793347","62","9500","IND@PHI","IND","PHI","","","",""
"24098-12341","SF","Paul","Paul George","George","38.74626865671642","67","9000","OKC@ATL","OKC","ATL","","","",""
"24098-66115","PF","Ben","Ben Simmons","Simmons","41.246153846153845","65","9000","IND@PHI","PHI","IND","","","",""
"24098-9663","SG","Jrue","Jrue Holiday","Holiday","36.99394087357955","66","8900","CHA@NO","NO","CHA","","","",""
"24098-14518","PF","Tobias","Tobias Harris","Harris","31.236508324032737","63","8800","LAC@CHI","LAC","CHI","","","",""
"24098-14514","C","Nikola","Nikola Vucevic","Vucevic","37.486364191228695","44","8600","ORL@SA","ORL","SA","","","",""
"24098-9560","PF","Blake","Blake Griffin","Griffin","39.43800048828125","50","8600","DET@UTA","DET","UTA","","","",""
"24098-9688","PF","LaMarcus","LaMarcus Aldridge","Aldridge","38.01311555455943","61","8500","ORL@SA","SA","ORL","O","Knee","",""
"24098-15595","SG","Bradley","Bradley Beal","Beal","37.623527975643384","68","8400","MIN@WAS","WAS","MIN","","","",""
"24098-9660","C","Dwight","Dwight Howard","Howard","36.97761194029851","67","8400","CHA@NO","CHA","NO","","","",""
"24098-9662","SG","Lou","Lou Williams","Williams","35.30156326293945","64","8400","LAC@CHI","LAC","CHI","","","",""
"24098-14507","PG","Kemba","Kemba Walker","Walker","37.24697043678977","66","8300","CHA@NO","CHA","NO","","","",""
"24098-58460","SG","Devin","Devin Booker","Booker","37.74422983022836","52","8200","CLE@PHO","PHO","CLE","GTD","Triceps","",""
"24098-9561","C","DeAndre","DeAndre Jordan","Jordan","35.233333333333334","60","8200","LAC@CHI","LAC","CHI","","","",""
"24098-42669","PF","Julius","Julius Randle","Randle","29.536364006273676","66","8100","DEN@LAL","LAL","DEN","","","",""
"24098-9714","SG","DeMar","DeMar DeRozan","DeRozan","38.24776265158582","67","8100","TOR@BKN","TOR","BKN","","","",""
"24098-66113","SG","Donovan","Donovan Mitchell","Mitchell","32.261538461538464","65","8000","DET@UTA","UTA","DET","","","",""
"24098-9535","PG","Kyle","Kyle Lowry","Lowry","35.05156326293945","64","8000","TOR@BKN","TOR","BKN","","","",""
"24098-19138","PG","Elfrid","Elfrid Payton","Payton","31.121429443359375","56","7900","CLE@PHO","PHO","CLE","","","",""
"24098-20992","PF","Larry","Larry Nance Jr.","Nance Jr.","25.09259259259259","54","7800","CLE@PHO","CLE","PHO","","","",""
"24098-41594","PF","Aaron","Aaron Gordon","Gordon","35.01063829787234","47","7800","ORL@SA","ORL","SA","GTD","Concussion","",""
"24098-80806","PG","Lonzo","Lonzo Ball","Ball","34.149999445134945","44","7800","DEN@LAL","LAL","DEN","","","",""
"24098-14496","PG","Ricky","Ricky Rubio","Rubio","27.861905536954364","63","7500","DET@UTA","UTA","DET","","","",""
"24098-15628","SF","Otto","Otto Porter Jr.","Porter Jr.","31.153967478918652","63","7400","MIN@WAS","WAS","MIN","","","",""
"24098-14503","C","Jonas","Jonas Valanciunas","Valanciunas","26.004839497227824","62","7300","TOR@BKN","TOR","BKN","","","",""
"24098-58377","PF","Kyle","Kyle Kuzma","Kuzma","26.863636363636363","66","7000","DEN@LAL","LAL","DEN","","","",""
"24098-23120","SF","TJ","TJ Warren","Warren","31.480645948840724","62","7000","CLE@PHO","PHO","CLE","GTD","Back","",""
"24098-9809","SG","Nicolas","Nicolas Batum","Batum","28.083019328567218","53","7000","CHA@NO","CHA","NO","","","",""
"24098-67708","PG","Dejounte","Dejounte Murray","Murray","20.672727642637312","66","7000","ORL@SA","SA","ORL","","","",""
"24098-23169","C","Steven","Steven Adams","Adams","31.296875","64","7000","OKC@ATL","OKC","ATL","GTD","Hip","",""
"24098-9446","PG","Jeff","Jeff Teague","Teague","30.74035002055921","57","7000","MIN@WAS","MIN","WAS","","","",""
"24098-23802","PG","Kris","Kris Dunn","Dunn","32.31960880055147","51","7000","LAC@CHI","CHI","LAC","","","",""
"24098-58312","SG","D'Angelo","D'Angelo Russell","Russell","27.096970066879734","33","7000","TOR@BKN","BKN","TOR","","","",""
"24098-66048","SF","Brandon","Brandon Ingram","Ingram","30.225861648033405","58","6900","DEN@LAL","LAL","DEN","O","Groin","",""
"24098-14516","C","Enes","Enes Kanter","Kanter","30.933871361517138","62","6900","DAL@NY","NY","DAL","GTD","Back","",""
"24098-80814","PG","Dennis","Dennis Smith Jr.","Smith Jr.","27.6423732951536","59","6900","DAL@NY","DAL","NY","","","",""
"24098-15636","SG","Kentavious","Kentavious Caldwell-Pope","Caldwell-Pope","27.47241421403556","58","6800","DEN@LAL","LAL","DEN","","","",""
"24098-58253","C","Myles","Myles Turner","Turner","30.033332375919116","51","6800","IND@PHI","IND","PHI","","","",""
"24098-9729","PF","Paul","Paul Millsap","Millsap","31.217391304347824","23","6700","DEN@LAL","DEN","LAL","","","",""
"24098-14559","PG","Isaiah","Isaiah Thomas","Thomas","24.30370415581597","27","6700","DEN@LAL","LAL","DEN","","","",""
"24098-55056","PF","Dario","Dario Saric","Saric","28.212308443509617","65","6700","IND@PHI","PHI","IND","","","",""
"24098-9621","C","Brook","Brook Lopez","Lopez","23.368965938173492","58","6700","DEN@LAL","LAL","DEN","","","",""
"24098-9637","SF","Danilo","Danilo Gallinari","Gallinari","26.37368453176398","19","6700","LAC@CHI","LAC","CHI","O","Hand","",""
"24098-42156","PF","Bobby","Bobby Portis","Portis","24.838597347861842","57","6600","LAC@CHI","CHI","LAC","","","",""
"24098-15946","SF","Harrison","Harrison Barnes","Barnes","30.13230731670673","65","6500","DAL@NY","DAL","NY","","","",""
"24098-40783","SG","Zach","Zach LaVine","LaVine","27.80909035422585","22","6500","LAC@CHI","CHI","LAC","","","",""
"24098-9570","C","Pau","Pau Gasol","Gasol","28.167742329259074","62","6500","ORL@SA","SA","ORL","","","",""
"24098-17333","SG","Will","Will Barton","Barton","30.327272357362688","66","6500","DEN@LAL","DEN","LAL","","","",""
"24098-49116","SG","Andrew","Andrew Wiggins","Wiggins","28.930883071001837","68","6500","MIN@WAS","MIN","WAS","","","",""
"24098-24544","SG","Gary","Gary Harris","Harris","30.026983351934526","63","6500","DEN@LAL","DEN","LAL","","","",""
"24098-15846","SG","Tim","Tim Hardaway Jr.","Hardaway Jr.","28.662223307291665","45","6500","DAL@NY","NY","DAL","","","",""
"24098-66108","PG","Jamal","Jamal Murray","Murray","26.885075355643657","67","6400","DEN@LAL","DEN","LAL","","","",""
"24098-15592","PG","Austin","Austin Rivers","Rivers","26.21555447048611","45","6400","LAC@CHI","LAC","CHI","","","",""
"24098-40201","PG","Dennis","Dennis Schroder","Schroder","33.029033045614916","62","6400","OKC@ATL","ATL","OKC","GTD","Elbow","",""
"24098-59318","SF","Joe","Joe Ingles","Ingles","24.574626865671643","67","6400","DET@UTA","UTA","DET","","","",""
"24098-15542","PG","Spencer","Spencer Dinwiddie","Dinwiddie","29.395454175544508","66","6300","TOR@BKN","BKN","TOR","","","",""
"24098-23572","SF","Taurean","Taurean Prince","Prince","24.24411728802849","68","6100","OKC@ATL","ATL","OKC","","","",""
"24098-23096","SG","Evan","Evan Fournier","Fournier","27.53157980400219","57","6100","ORL@SA","ORL","SA","O","Knee","",""
"24098-9787","SF","DeMarre","DeMarre Carroll","Carroll","26.875807239163308","62","6100","TOR@BKN","BKN","TOR","","","",""
"24098-80812","PF","Lauri","Lauri Markkanen","Markkanen","27.972131948002048","61","6100","LAC@CHI","CHI","LAC","","","",""
"24098-20491","SF","Robert","Robert Covington","Covington","27.333333333333332","63","6000","IND@PHI","PHI","IND","","","",""
"24098-14522","PF","Nikola","Nikola Mirotic","Mirotic","29.852499389648436","40","6000","CHA@NO","NO","CHA","","","",""
"24098-66236","PF","John","John Collins","Collins","24.101613690776208","62","6000","OKC@ATL","ATL","OKC","","","",""
"24098-18821","SF","Jonathon","Jonathon Simmons","Simmons","22.87121212121212","66","6000","ORL@SA","ORL","SA","","","",""
"24098-16301","C","Dewayne","Dewayne Dedmon","Dedmon","23.660415649414062","48","6000","OKC@ATL","ATL","OKC","","","",""
"24098-9455","PG","Rajon","Rajon Rondo","Rondo","25.013460599459133","52","5900","CHA@NO","NO","CHA","","","",""
"24098-16196","PF","Dwight","Dwight Powell","Powell","19.671212861032195","66","5900","DAL@NY","DAL","NY","","","",""
"24098-23097","PG","Tomas","Tomas Satoransky","Satoransky","16.968965727707435","58","5800","MIN@WAS","WAS","MIN","","","",""
"24098-12351","PF","Derrick","Derrick Favors","Favors","26.80952380952381","63","5800","DET@UTA","UTA","DET","","","",""
"24098-12368","SF","Nemanja","Nemanja Bjelica","Bjelica","14.666037505527711","53","5800","MIN@WAS","MIN","WAS","","","",""
"24098-9495","PG","J.J.","J.J. Barea","Barea","24.172579857610888","62","5700","DAL@NY","DAL","NY","","","",""
"24098-9508","PF","Carmelo","Carmelo Anthony","Anthony","28.120000751201925","65","5700","OKC@ATL","OKC","ATL","","","",""
"24098-23716","SF","Kyle","Kyle Anderson","Anderson","24.579660189353813","59","5600","ORL@SA","SA","ORL","","","",""
"24098-42148","PF","Rondae","Rondae Hollis-Jefferson","Hollis-Jefferson","28.18679291347288","53","5600","TOR@BKN","BKN","TOR","","","",""
"24098-14511","PF","Markieff","Markieff Morris","Morris","23.032759041621766","58","5600","MIN@WAS","WAS","MIN","","","",""
"24098-14530","SF","Bojan","Bojan Bogdanovic","Bogdanovic","21.93484774502841","66","5600","IND@PHI","IND","PHI","","","",""
"24098-9481","PF","Taj","Taj Gibson","Gibson","26.47205846449908","68","5600","MIN@WAS","MIN","WAS","","","",""
"24098-15904","SG","Rodney","Rodney Hood","Hood","22.67","50","5500","CLE@PHO","CLE","PHO","GTD","Back","",""
"24098-15947","SF","Reggie","Reggie Bullock","Bullock","17.917646819469976","51","5500","DET@UTA","DET","UTA","GTD","Undisclosed","",""
"24098-17384","C","Kyle","Kyle O'Quinn","O'Quinn","20.103076171875","65","5500","DAL@NY","NY","DAL","","","",""
"24098-23776","PF","Montrezl","Montrezl Harrell","Harrell","19.022034725900422","59","5400","LAC@CHI","LAC","CHI","","","",""
"24098-58153","SF","Kelly","Kelly Oubre Jr.","Oubre Jr.","22.022727272727273","66","5400","MIN@WAS","WAS","MIN","","","",""
"24098-19781","SG","Kent","Kent Bazemore","Bazemore","26.978461162860576","65","5400","OKC@ATL","ATL","OKC","O","Knee","",""
"24098-24546","SF","Denzel","Denzel Valentine","Valentine","22.498485218394887","66","5400","LAC@CHI","CHI","LAC","","","",""
"24098-12511","PG","Ish","Ish Smith","Smith","22.15909090909091","66","5300","DET@UTA","DET","UTA","","","",""
"24098-23798","SG","Caris","Caris LeVert","LeVert","24.55613949424342","57","5300","TOR@BKN","BKN","TOR","","","",""
"24098-80809","SF","Josh","Josh Jackson","Jackson","20.887691556490385","65","5300","CLE@PHO","PHO","CLE","GTD","Knee","",""
"24098-15996","PG","Jerian","Jerian Grant","Grant","19.923333740234376","60","5200","LAC@CHI","CHI","LAC","","","",""
"24098-9957","PF","Serge","Serge Ibaka","Ibaka","24.949180728099385","61","5200","TOR@BKN","TOR","BKN","","","",""
"24098-9500","PF","Dirk","Dirk Nowitzki","Nowitzki","24.337879527698863","66","5200","DAL@NY","DAL","NY","","","",""
"24098-15800","PF","Jae","Jae Crowder","Crowder","17.17230694110577","65","5100","DET@UTA","UTA","DET","","","",""
"24098-9666","PF","Thaddeus","Thaddeus Young","Young","26.573134692747203","67","5100","IND@PHI","IND","PHI","","","",""
"24098-14529","PG","Cory","Cory Joseph","Joseph","19.12835784456623","67","5000","IND@PHI","IND","PHI","","","",""
"24098-9624","PG","Darren","Darren Collison","Collison","27.54814769603588","54","5000","IND@PHI","IND","PHI","","","",""
"24098-9636","SF","Wilson","Wilson Chandler","Chandler","21.063334147135418","60","5000","DEN@LAL","DEN","LAL","","","",""
"24098-63124","PG","Emmanuel","Emmanuel Mudiay","Mudiay","17.11320754716981","53","4900","DAL@NY","NY","DAL","","","",""
"24098-9587","SF","Michael","Michael Beasley","Beasley","22.188334147135418","60","4900","DAL@NY","NY","DAL","","","",""
"24098-9799","SG","Wesley","Wesley Matthews","Matthews","23.644444056919642","63","4800","DAL@NY","DAL","NY","O","Leg","",""
"24098-63123","SF","Mario","Mario Hezonja","Hezonja","17.884999593098957","60","4800","ORL@SA","ORL","SA","","","",""
"24098-24247","PG","Fred","Fred VanVleet","VanVleet","18.433334108382937","63","4800","TOR@BKN","TOR","BKN","","","",""
"24098-9655","SG","JJ","JJ Redick","Redick","24.835184733072918","54","4800","IND@PHI","PHI","IND","","","",""
"24098-58378","C","Jakob","Jakob Poeltl","Poeltl","17.624241684422348","66","4700","TOR@BKN","TOR","BKN","","","",""
"24098-17491","SF","James","James Ennis III","Ennis III","15.435087505139803","57","4700","DET@UTA","DET","UTA","","","",""
"24098-40562","SG","Josh","Josh Hart","Hart","14.976363858309659","55","4700","DEN@LAL","LAL","DEN","O","Hand","",""
"24098-9703","PG","George","George Hill","Hill","19.954545454545453","55","4700","CLE@PHO","CLE","PHO","","","",""
"24098-9758","SG","Danny","Danny Green","Green","20.461818625710226","55","4600","ORL@SA","SA","ORL","","","",""
"24098-67707","PF","Marquese","Marquese Chriss","Chriss","18.211665852864584","60","4600","CLE@PHO","PHO","CLE","","","",""
"24098-81026","PG","Milos","Milos Teodosic","Teodosic","20.099999321831596","36","4600","LAC@CHI","LAC","CHI","","","",""
"24098-15501","SF","Allen","Allen Crabbe","Crabbe","22.052381727430557","63","4600","TOR@BKN","BKN","TOR","","","",""
"24098-20640","SG","Jordan","Jordan Clarkson","Clarkson","22.916922701322115","65","4600","CLE@PHO","CLE","PHO","","","",""
"24098-80821","C","Jarrett","Jarrett Allen","Allen","18.146551724137932","58","4600","TOR@BKN","BKN","TOR","GTD","Foot","",""
"24098-59358","PF","Domantas","Domantas Sabonis","Sabonis","25.36212158203125","66","4600","IND@PHI","IND","PHI","","","",""
"24098-24186","SG","Tyrone","Tyrone Wallace","Wallace","20.604762486049108","21","4500","LAC@CHI","LAC","CHI","","","",""
"24098-9873","C","Robin","Robin Lopez","Lopez","22.171186026880296","59","4500","LAC@CHI","CHI","LAC","","","",""
"24098-14501","C","Tristan","Tristan Thompson","Thompson","16.542856852213543","42","4500","CLE@PHO","CLE","PHO","O","Ankle","",""
"24098-15559","SF","Jeremy","Jeremy Lamb","Lamb","23.848484848484848","66","4500","CHA@NO","CHA","NO","","","",""
"24098-23772","PG","Yogi","Yogi Ferrell","Ferrell","18.895522388059703","67","4500","DAL@NY","DAL","NY","","","",""
"24098-9466","PG","D.J.","D.J. Augustin","Augustin","17.986665852864583","60","4500","ORL@SA","ORL","SA","","","",""
"24098-16405","SG","Terrence","Terrence Ross","Ross","19.113636363636363","22","4400","ORL@SA","ORL","SA","O","Knee","",""
"24098-60021","PF","Pascal","Pascal Siakam","Siakam","18.626153094951924","65","4400","TOR@BKN","TOR","BKN","","","",""
"24098-9870","SG","Kyle","Kyle Korver","Korver","15.081818551728219","66","4400","CLE@PHO","CLE","PHO","","","",""
"24098-70819","PF","Dragan","Dragan Bender","Bender","14.530881993910846","68","4400","CLE@PHO","PHO","CLE","","","",""
"24098-14543","PF","Davis","Davis Bertans","Bertans","12.701587495349703","63","4400","ORL@SA","SA","ORL","","","",""
"24098-9577","SF","Rudy","Rudy Gay","Gay","22.373809814453125","42","4400","ORL@SA","SA","ORL","","","",""
"24098-80811","PF","Jonathan","Jonathan Isaac","Isaac","15.476190476190476","21","4400","ORL@SA","ORL","SA","","","",""
"24098-16448","PF","Frank","Frank Kaminsky","Kaminsky","19.209375381469727","64","4300","CHA@NO","CHA","NO","","","",""
"24098-14533","PG","Shelvin","Shelvin Mack","Mack","15.733332881221065","54","4300","ORL@SA","ORL","SA","","","",""
"24098-14554","SF","E'Twaun","E'Twaun Moore","Moore","20.75454619436553","66","4300","CHA@NO","NO","CHA","","","",""
"24098-9451","PF","Marvin","Marvin Williams","Williams","19.257142082093253","63","4300","CHA@NO","CHA","NO","GTD","Eye","",""
"24098-42733","SF","David","David Nwaba","Nwaba","17.672221996166087","54","4300","LAC@CHI","CHI","LAC","","","",""
"24098-9473","C","Tyson","Tyson Chandler","Chandler","20.67608642578125","46","4300","CLE@PHO","PHO","CLE","","","",""
"24098-9598","PF","Ersan","Ersan Ilyasova","Ilyasova","21.89038555438702","52","4300","IND@PHI","PHI","IND","","","",""
"24098-9939","PG","Patty","Patty Mills","Mills","16.897014560984143","67","4200","ORL@SA","SA","ORL","","","",""
"24098-23825","C","Nerlens","Nerlens Noel","Noel","13.786956787109375","23","4200","DAL@NY","DAL","NY","","","",""
"24098-15814","C","Alex","Alex Len","Len","21.596551303205818","58","4200","CLE@PHO","PHO","CLE","","","",""
"24098-15843","PG","Trey","Trey Burke","Burke","18.109523228236608","21","4200","DAL@NY","NY","DAL","","","",""
"24098-9704","SG","Manu","Manu Ginobili","Ginobili","16.341176949295342","51","4200","ORL@SA","SA","ORL","O","Rest","",""
"24098-9606","SF","Corey","Corey Brewer","Brewer","9.789830094676907","59","4100","OKC@ATL","OKC","ATL","","","",""
"24098-23447","C","Richaun","Richaun Holmes","Holmes","15.570588953354779","34","4100","IND@PHI","PHI","IND","","","",""
"24098-9631","C","Emeka","Emeka Okafor","Okafor","17.316666920979817","12","4100","CHA@NO","NO","CHA","","","",""
"24098-15590","PF","Mason","Mason Plumlee","Plumlee","21.462712692002118","59","4000","DEN@LAL","DEN","LAL","","","",""
"24098-9448","SG","Jamal","Jamal Crawford","Crawford","15.883334073153408","66","4000","MIN@WAS","MIN","WAS","","","",""
"24098-55055","PG","Dante","Dante Exum","Exum","11.453030672940342","66","4000","DET@UTA","UTA","DET","GTD","Shoulder","",""
"24098-23831","PF","Jerami","Jerami Grant","Grant","17.100000718060663","68","4000","OKC@ATL","OKC","ATL","","","",""
"24098-80813","PG","Frank","Frank Ntilikina","Ntilikina","14.438461538461539","65","4000","DAL@NY","NY","DAL","","","",""
"24098-9671","C","Marreese","Marreese Speights","Speights","12.875","48","4000","ORL@SA","ORL","SA","","","",""
"24098-9702","PG","Tony","Tony Parker","Parker","17.2625","40","4000","ORL@SA","SA","ORL","","","",""
"24098-9715","SG","Marco","Marco Belinelli","Belinelli","17.788888113839285","63","4000","IND@PHI","PHI","IND","","","",""
"24098-12334","SG","Avery","Avery Bradley","Bradley","22.0043480914572","46","3900","LAC@CHI","LAC","CHI","GTD","Groin","",""
"24098-12369","SF","Lance","Lance Stephenson","Stephenson","20.39253804221082","67","3900","IND@PHI","IND","PHI","","","",""
"24098-49349","PG","Isaiah","Isaiah Taylor","Taylor","11.401923546424278","52","3900","OKC@ATL","ATL","OKC","","","",""
"24098-18256","SF","Doug","Doug McDermott","McDermott","12.855223698402519","67","3900","DAL@NY","DAL","NY","","","",""
"24098-16063","PF","Eric","Eric Moreland","Moreland","10.553704155815971","54","3800","DET@UTA","DET","UTA","","","",""
"24098-9968","SG","Jodie","Jodie Meeks","Meeks","10.643750190734863","64","3800","MIN@WAS","WAS","MIN","","","",""
"24098-40830","PG","Delon","Delon Wright","Wright","18.84528278854658","53","3800","TOR@BKN","TOR","BKN","","","",""
"24098-15771","PF","Gorgui","Gorgui Dieng","Dieng","15.489230581430288","65","3800","MIN@WAS","MIN","WAS","","","",""
"24098-9648","PF","Jeff","Jeff Green","Green","17.711111886160715","63","3800","CLE@PHO","CLE","PHO","","","",""
"24098-18393","PG","T.J.","T.J. McConnell","McConnell","20.296610169491526","59","3800","IND@PHI","PHI","IND","","","",""
"24098-67556","PG","Tyler","Tyler Dorsey","Dorsey","10.309756395293444","41","3800","OKC@ATL","ATL","OKC","","","",""
"24098-58350","SF","Stanley","Stanley Johnson","Johnson","18.4320759323408","53","3800","DET@UTA","DET","UTA","GTD","Back","",""
"24098-15417","SF","Solomon","Solomon Hill","Hill","17.16125030517578","80","3700","CHA@NO","NO","CHA","O","Hamstring","",""
"24098-66174","PG","Jawun","Jawun Evans","Evans","13.327499389648438","40","3700","LAC@CHI","LAC","CHI","","","",""
"24098-9962","PF","Jonas","Jonas Jerebko","Jerebko","11.962711657507946","59","3700","DET@UTA","UTA","DET","","","",""
"24098-9506","SG","JR","JR Smith","Smith","16.934375762939453","64","3700","CLE@PHO","CLE","PHO","","","",""
"24098-82744","SG","Shaquille","Shaquille Harrison","Harrison","15.299999660915798","9","3700","CLE@PHO","PHO","CLE","","","",""
"24098-16201","PG","Michael","Michael Carter-Williams","Carter-Williams","13.99230722280649","52","3700","CHA@NO","CHA","NO","O","Shoulder","",""
"24098-9609","C","Al","Al Jefferson","Jefferson","14.837930613550647","29","3700","IND@PHI","IND","PHI","","","",""
"24098-15758","SF","Michael","Michael Kidd-Gilchrist","Kidd-Gilchrist","18.859321206302965","59","3700","CHA@NO","CHA","NO","","","",""
"24098-15762","SF","Darius","Darius Miller","Miller","13.424242424242424","66","3700","CHA@NO","NO","CHA","","","",""
"24098-16293","SG","Norman","Norman Powell","Powell","11.426315575315241","57","3700","TOR@BKN","TOR","BKN","","","",""
"24098-9661","C","Marcin","Marcin Gortat","Gortat","22.994029486357277","67","3700","MIN@WAS","WAS","MIN","","","",""
"24098-12340","PF","Patrick","Patrick Patterson","Patterson","9.576811417289402","69","3600","OKC@ATL","OKC","ATL","","","",""
"24098-58457","SF","Devin","Devin Robinson","Robinson","0","0","3600","MIN@WAS","WAS","MIN","","","",""
"24098-41077","PG","Sindarius","Sindarius Thornwell","Thornwell","8.77857153756278","56","3600","LAC@CHI","LAC","CHI","","","",""
"24098-14505","PF","Bismack","Bismack Biyombo","Biyombo","17.02238805970149","67","3600","ORL@SA","ORL","SA","","","",""
"24098-70827","C","Ivica","Ivica Zubac","Zubac","6.881481594509548","27","3600","DEN@LAL","LAL","DEN","","","",""
"24098-49336","SF","DeAndre'","DeAndre' Bembry","Bembry","11.795237949916295","21","3600","OKC@ATL","ATL","OKC","O","Abdomen","",""
"24098-9940","SF","Dante","Dante Cunningham","Cunningham","13.574193154611896","62","3600","TOR@BKN","BKN","TOR","","","",""
"24098-81621","PF","Maxi","Maxi Kleber","Kleber","12.244827796672952","58","3600","DAL@NY","DAL","NY","","","",""
"24098-16604","SG","Justin","Justin Holiday","Holiday","24.884744935116526","59","3600","LAC@CHI","CHI","LAC","","","",""
"24098-15591","C","Miles","Miles Plumlee","Plumlee","12.126086691151494","46","3600","OKC@ATL","ATL","OKC","","","",""
"24098-40209","C","Joffrey","Joffrey Lauvergne","Lauvergne","9.969565350076426","46","3600","ORL@SA","SA","ORL","","","",""
"24098-20805","SG","Troy","Troy Daniels","Daniels","11.541790862581623","67","3600","CLE@PHO","PHO","CLE","","","",""
"24098-15691","C","Cody","Cody Zeller","Zeller","17.015151515151516","33","3600","CHA@NO","CHA","NO","GTD","Knee","",""
"24098-63826","C","Boban","Boban Marjanovic","Marjanovic","10.819230299729567","26","3600","LAC@CHI","LAC","CHI","","","",""
"24098-9605","PG","Ramon","Ramon Sessions","Sessions","10.199999809265137","16","3600","MIN@WAS","WAS","MIN","","","",""
"24098-9613","SG","Devin","Devin Harris","Harris","14.882143293108259","56","3600","DEN@LAL","DEN","LAL","","","",""
"24098-16298","PF","Travis","Travis Wear","Wear","9.88000030517578","5","3600","DEN@LAL","LAL","DEN","","","",""
"24098-9652","PG","Jameer","Jameer Nelson","Nelson","13.369387256855868","49","3600","DET@UTA","DET","UTA","","","",""
"24098-48567","PG","Cameron","Cameron Payne","Payne","18.944444444444443","9","3600","LAC@CHI","CHI","LAC","","","",""
"24098-80824","PG","Frank","Frank Jackson","Jackson","0","0","3600","CHA@NO","NO","CHA","O","Foot","",""
"24098-17894","C","Mike","Mike Muscala","Muscala","15.352632221422697","38","3600","OKC@ATL","ATL","OKC","","","",""
"24098-16363","SF","Joe","Joe Harris","Harris","17.781539212740384","65","3600","TOR@BKN","BKN","TOR","","","",""
"24098-9713","PG","Jarrett","Jarrett Jack","Jack","20.224562260142545","57","3600","DAL@NY","NY","DAL","","","",""
"24098-66046","SG","Luke","Luke Kennard","Kennard","12.507017972176534","57","3600","DET@UTA","DET","UTA","","","",""
"24098-18435","PF","Alfonzo","Alfonzo McKinnie","McKinnie","2.361538520226112","13","3500","TOR@BKN","TOR","BKN","","","",""
"24098-16906","PG","Julyan","Julyan Stone","Stone","3.5142857687813893","14","3500","CHA@NO","CHA","NO","","","",""
"24098-49675","PG","Derrick","Derrick White","White","6.688235114602482","17","3500","ORL@SA","SA","ORL","","","",""
"24098-66061","SF","Dwayne","Dwayne Bacon","Bacon","6.320929948673692","43","3500","CHA@NO","CHA","NO","","","",""
"24098-64017","C","Salah","Salah Mejri","Mejri","12.931578519051534","57","3500","DAL@NY","DAL","NY","GTD","Hamstring","",""
"24098-66064","SG","Malik","Malik Beasley","Beasley","6.342857360839844","56","3500","DEN@LAL","DEN","LAL","","","",""
"24098-59416","SF","John","John Holland","Holland","3.5692308866060696","13","3500","CLE@PHO","CLE","PHO","","","",""
"24098-23581","PF","Amile","Amile Jefferson","Jefferson","0","0","3500","MIN@WAS","MIN","WAS","","","",""
"24098-66091","PF","Cheick","Cheick Diallo","Diallo","9.968420731393914","38","3500","CHA@NO","NO","CHA","","","",""
"24098-12332","PG","John","John Wall","Wall","41.321622281461146","37","3500","MIN@WAS","WAS","MIN","O","Knee","",""
"24098-12339","C","Ekpe","Ekpe Udoh","Udoh","13.050000226056135","54","3500","DET@UTA","UTA","DET","","","",""
"24098-43064","PG","Kay","Kay Felder","Felder","6.6","15","3500","DET@UTA","DET","UTA","","","",""
"24098-82491","SF","James","James Webb III","Webb III","5.155555725097656","9","3500","TOR@BKN","BKN","TOR","","","",""
"24098-12348","SF","Wesley","Wesley Johnson","Johnson","16.415254237288135","59","3500","LAC@CHI","LAC","CHI","","","",""
"24098-23612","SG","Marcus","Marcus Georges-Hunt","Georges-Hunt","2.107894696687397","38","3500","MIN@WAS","MIN","WAS","","","",""
"24098-12350","PF","Trevor","Trevor Booker","Booker","15.399999547887731","54","3500","IND@PHI","IND","PHI","","","",""
"24098-12354","C","Cole","Cole Aldrich","Aldrich","1.8066666920979817","15","3500","MIN@WAS","MIN","WAS","","","",""
"24098-23618","PG","Milton","Milton Doyle","Doyle","6.966666539510091","6","3500","TOR@BKN","BKN","TOR","","","",""
"24098-66114","PG","Antonio","Antonio Blakeney","Blakeney","10.342857360839844","14","3500","LAC@CHI","CHI","LAC","","","",""
"24098-23624","SF","Andrew","Andrew White","White","8.780000305175781","5","3500","OKC@ATL","ATL","OKC","","","",""
"24098-9804","C","Alexis","Alexis Ajinca","Ajinca","13.651282677283653","39","3500","CHA@NO","NO","CHA","O","Knee","",""
"24098-23119","PG","Rodney","Rodney Purvis","Purvis","5.349999904632568","2","3500","ORL@SA","ORL","SA","","","",""
"24098-23121","PF","Tyler","Tyler Cavanaugh","Cavanaugh","11.009999593098959","30","3500","OKC@ATL","ATL","OKC","GTD","Ankle","",""
"24098-9810","PG","Jerryd","Jerryd Bayless","Bayless","13.461538461538462","39","3500","IND@PHI","PHI","IND","","","",""
"24098-59483","PF","Chris","Chris McCullough","McCullough","5","19","3500","MIN@WAS","WAS","MIN","","","",""
"24098-15964","PG","Lorenzo","Lorenzo Brown","Brown","4.333333333333333","12","3500","TOR@BKN","TOR","BKN","","","",""
"24098-58461","PF","Trey","Trey Lyles","Lyles","20.444261894851433","61","3500","DEN@LAL","DEN","LAL","","","",""
"24098-58463","PG","Tyler","Tyler Ulis","Ulis","16.361403080455045","57","3500","CLE@PHO","PHO","CLE","","","",""
"24098-23648","SF","Erik","Erik McCree","McCree","0","3","3500","DET@UTA","UTA","DET","","","",""
"24098-43109","PF","Alec","Alec Peters","Peters","5.909090909090909","11","3500","CLE@PHO","PHO","CLE","","","",""
"24098-15975","SG","C.J.","C.J. Williams","Williams","12.733333333333333","30","3500","LAC@CHI","LAC","CHI","","","",""
"24098-23655","PG","Marcus","Marcus Paige","Paige","2.4000000953674316","1","3500","CHA@NO","CHA","NO","","","",""
"24098-15469","PF","Quincy","Quincy Acy","Acy","12.753448486328125","58","3500","TOR@BKN","BKN","TOR","","","",""
"24098-15982","SG","Reggie","Reggie Hearn","Hearn","1.5","2","3500","DET@UTA","DET","UTA","","","",""
"24098-23156","PF","Georges","Georges Niang","Niang","2.8999999364217124","3","3500","DET@UTA","UTA","DET","","","",""
"24098-16506","PG","Dwight","Dwight Buycks","Buycks","13.829166412353516","24","3500","DET@UTA","DET","UTA","GTD","Ankle","",""
"24098-41083","PF","Luke","Luke Kornet","Kornet","11.462499618530273","8","3500","DAL@NY","NY","DAL","","","",""
"24098-23676","SG","Damyean","Damyean Dotson","Dotson","5.524242516719934","33","3500","DAL@NY","NY","DAL","","","",""
"24098-41597","SF","Johnathan","Johnathan Motley","Motley","6.224999904632568","4","3500","DAL@NY","DAL","NY","","","",""
"24098-9862","PF","Amir","Amir Johnson","Johnson","14.738982637049789","59","3500","IND@PHI","PHI","IND","","","",""
"24098-17542","C","Alan","Alan Williams","Williams","18.52978775349069","47","3500","CLE@PHO","PHO","CLE","GTD","Knee","",""
"24098-12423","C","Omer","Omer Asik","Asik","4.9571429661342075","14","3500","LAC@CHI","CHI","LAC","","","",""
"24098-12424","C","Timofey","Timofey Mozgov","Mozgov","8.799999782017299","28","3500","TOR@BKN","BKN","TOR","","","",""
"24098-9874","PF","Kevin","Kevin Love","Love","33.32916768391927","48","3500","CLE@PHO","CLE","PHO","O","Hand","",""
"24098-66196","SG","PJ","PJ Dozier","Dozier","1.100000023841858","2","3500","OKC@ATL","OKC","ATL","","","",""
"24098-63126","SF","Cedi","Cedi Osman","Osman","7.335185298213252","54","3500","CLE@PHO","CLE","PHO","O","Hip","",""
"24098-58519","PG","Gary","Gary Payton II","Payton II","5.672222137451172","18","3500","DEN@LAL","LAL","DEN","GTD","Knee","",""
"24098-63127","C","Willy","Willy Hernangomez","Hernangomez","8.170587876263786","34","3500","CHA@NO","CHA","NO","","","",""
"24098-66203","SG","Malachi","Malachi Richardson","Richardson","6.626923194298377","26","3500","TOR@BKN","TOR","BKN","","","",""
"24098-66205","PF","Tyler","Tyler Lydon","Lydon","0","1","3500","DEN@LAL","DEN","LAL","O","Knee","",""
"24098-15520","SG","Sean","Sean Kilpatrick","Kilpatrick","7.2317073170731705","41","3500","LAC@CHI","LAC","CHI","","","",""
"24098-14500","PF","Derrick","Derrick Williams","Williams","0","1","3500","DEN@LAL","LAL","DEN","","","",""
"24098-42661","PF","Noah","Noah Vonleh","Vonleh","12.018604367278343","43","3500","LAC@CHI","CHI","LAC","","","",""
"24098-42662","SF","Troy","Troy Williams","Williams","11.408332824707031","12","3500","DAL@NY","NY","DAL","","","",""
"24098-70822","SF","Juan","Juan Hernangomez","Hernangomez","7.686363913796165","22","3500","DEN@LAL","DEN","LAL","","","",""
"24098-70825","SG","Timothe","Timothe Luwawu-Cabarrot","Luwawu-Cabarrot","9.219230651855469","52","3500","IND@PHI","PHI","IND","","","",""
"24098-70824","C","Ante","Ante Zizic","Zizic","5.7650001525878904","20","3500","CLE@PHO","CLE","PHO","","","",""
"24098-42667","C","Dakari","Dakari Johnson","Johnson","5.014285496303013","28","3500","OKC@ATL","OKC","ATL","","","",""
"24098-70826","SG","Furkan","Furkan Korkmaz","Korkmaz","3.5333334604899087","6","3500","IND@PHI","PHI","IND","O","Foot","",""
"24098-14510","SG","Alec","Alec Burks","Burks","14.950877407140899","57","3500","DET@UTA","UTA","DET","","","",""
"24098-42671","SG","James","James Young","Young","4.079999923706055","5","3500","IND@PHI","PHI","IND","","","",""
"24098-14513","SF","Kawhi","Kawhi Leonard","Leonard","32.54444376627604","9","3500","ORL@SA","SA","ORL","O","Quadriceps","",""
"24098-70832","SF","Paul","Paul Zipser","Zipser","9.0142859634088","49","3500","LAC@CHI","CHI","LAC","GTD","Foot","",""
"24098-14521","PF","Kenneth","Kenneth Faried","Faried","14.081250190734863","32","3500","DEN@LAL","DEN","LAL","","","",""
"24098-14523","PG","Reggie","Reggie Jackson","Jackson","25.89696895714962","33","3500","DET@UTA","DET","UTA","O","Ankle","",""
"24098-23740","PG","Ryan","Ryan Arcidiacono","Arcidiacono","4.223077040452224","13","3500","LAC@CHI","CHI","LAC","","","",""
"24098-40637","PF","Nigel","Nigel Hayes","Hayes","3.6666666666666665","3","3500","TOR@BKN","TOR","BKN","","","",""
"24098-9920","PF","Anthony","Anthony Tolliver","Tolliver","13.774602980840774","63","3500","DET@UTA","DET","UTA","","","",""
"24098-23744","SF","Justin","Justin Anderson","Anderson","10.617856706891741","28","3500","IND@PHI","PHI","IND","","","",""
"24098-42689","PG","Tyler","Tyler Ennis","Ennis","8.175","40","3500","DEN@LAL","LAL","DEN","","","",""
"24098-14532","SF","Kyle","Kyle Singler","Singler","3.1666666666666665","12","3500","OKC@ATL","OKC","ATL","","","",""
"24098-16071","PG","Tim","Tim Frazier","Frazier","12.509615384615385","52","3500","MIN@WAS","WAS","MIN","","","",""
"24098-16081","PF","Khem","Khem Birch","Birch","9.781481707537615","27","3500","ORL@SA","ORL","SA","","","",""
"24098-14552","SG","DeAndre","DeAndre Liggins","Liggins","7.740425272190825","47","3500","CHA@NO","NO","CHA","","","",""
"24098-9953","C","Ian","Ian Mahinmi","Mahinmi","11.954687118530273","64","3500","MIN@WAS","WAS","MIN","","","",""
"24098-58081","PG","Tyus","Tyus Jones","Jones","13.925000359030332","68","3500","MIN@WAS","MIN","WAS","","","",""
"24098-58083","C","Jahlil","Jahlil Okafor","Okafor","11.72","25","3500","TOR@BKN","BKN","TOR","","","",""
"24098-23788","SG","Bryn","Bryn Forbes","Forbes","11.272727272727273","66","3500","ORL@SA","SA","ORL","","","",""
"24098-67312","C","Thomas","Thomas Bryant","Bryant","2.0200000762939454","10","3500","DEN@LAL","LAL","DEN","","","",""
"24098-23282","SF","Sam","Sam Dekker","Dekker","9.081034693224677","58","3500","LAC@CHI","LAC","CHI","","","",""
"24098-23800","SF","Glenn","Glenn Robinson III","Robinson III","8","9","3500","IND@PHI","IND","PHI","","","",""
"24098-9465","PG","Raymond","Raymond Felton","Felton","14.746376811594203","69","3500","OKC@ATL","OKC","ATL","","","",""
"24098-23801","SG","Nik","Nik Stauskas","Stauskas","7.425714111328125","35","3500","TOR@BKN","BKN","TOR","","","",""
"24098-23294","SG","Danuel","Danuel House","House","8.962499618530273","16","3500","CLE@PHO","PHO","CLE","","","",""
"24098-9475","PG","Derrick","Derrick Rose","Rose","13.411764705882353","17","3500","MIN@WAS","MIN","WAS","","","",""
"24098-23300","SG","Charles","Charles Cooke","Cooke","1.1888888676961262","9","3500","CHA@NO","NO","CHA","","","",""
"24098-9479","SF","Luol","Luol Deng","Deng","5.5","1","3500","DEN@LAL","LAL","DEN","","","",""
"24098-40200","C","Lucas","Lucas Nogueira","Nogueira","8.822499847412109","40","3500","TOR@BKN","TOR","BKN","","","",""
"24098-9483","C","Joakim","Joakim Noah","Noah","6.114285605294364","7","3500","DAL@NY","NY","DAL","O","Personal","",""
"24098-40206","SG","Alex","Alex Abrines","Abrines","8.86031765407986","63","3500","OKC@ATL","OKC","ATL","","","",""
"24098-40208","PG","Raul","Raul Neto","Neto","9.138461381961138","39","3500","DET@UTA","UTA","DET","O","Wrist","",""
"24098-23826","PF","Alex","Alex Poythress","Poythress","2.530434815779976","23","3500","IND@PHI","IND","PHI","","","",""
"24098-9507","SG","Arron","Arron Afflalo","Afflalo","5.819565482761549","46","3500","ORL@SA","ORL","SA","","","",""
"24098-71467","PG","Malcolm","Malcolm Delaney","Delaney","14.064814814814815","54","3500","OKC@ATL","ATL","OKC","O","Ankle","",""
"24098-48940","SF","Wes","Wes Iwundu","Iwundu","8.363265056999362","49","3500","ORL@SA","ORL","SA","","","",""
"24098-20277","SF","Torrey","Torrey Craig","Craig","10.042307927058292","26","3500","DEN@LAL","DEN","LAL","","","",""
"24098-41269","PG","Demetrius","Demetrius Jackson","Jackson","2.808333396911621","12","3500","IND@PHI","PHI","IND","","","",""
"24098-42805","SG","Kyle","Kyle Collinsworth","Collinsworth","9.438095092773438","21","3500","DAL@NY","DAL","NY","","","",""
"24098-82743","SG","Walter","Walter Lemon Jr.","Lemon Jr.","5.179999923706054","5","3500","CHA@NO","NO","CHA","","","",""
"24098-15671","SG","Brandon","Brandon Paul","Paul","6.054545454545455","55","3500","ORL@SA","SA","ORL","","","",""
"24098-41272","SF","Jamel","Jamel Artis","Artis","4.679999923706054","5","3500","ORL@SA","ORL","SA","","","",""
"24098-16188","SF","Anthony","Anthony Brown","Brown","9.690908952192826","11","3500","MIN@WAS","MIN","WAS","","","",""
"24098-9534","PG","Aaron","Aaron Brooks","Brooks","3.4785714830671037","28","3500","MIN@WAS","MIN","WAS","","","",""
"24098-16191","SF","Josh","Josh Huestis","Huestis","8.180952768477182","63","3500","OKC@ATL","OKC","ATL","","","",""
"24098-40255","SG","Davon","Davon Reed","Reed","6.969999694824219","10","3500","CLE@PHO","PHO","CLE","","","",""
"24098-20806","SG","Treveon","Treveon Graham","Graham","9.712962962962964","54","3500","CHA@NO","CHA","NO","","","",""
"24098-40264","SF","Ben","Ben Moore","Moore","1.350000023841858","2","3500","IND@PHI","IND","PHI","","","",""
"24098-82761","SG","Jaylen","Jaylen Morris","Morris","10.116666793823242","6","3500","OKC@ATL","ATL","OKC","O","Ankle","",""
"24098-40267","PG","London","London Perrantes","Perrantes","0.6428571428571429","7","3500","CLE@PHO","CLE","PHO","","","",""
"24098-17230","PG","Langston","Langston Galloway","Galloway","11.065385084885817","52","3500","DET@UTA","DET","UTA","","","",""
"24098-17747","PG","Ian","Ian Clark","Clark","11.311666870117188","60","3500","CHA@NO","NO","CHA","","","",""
"24098-9580","PF","Darrell","Darrell Arthur","Arthur","5.735294117647059","17","3500","DEN@LAL","DEN","LAL","","","",""
"24098-66424","C","Justin","Justin Patton","Patton","0","0","3500","MIN@WAS","MIN","WAS","","","",""
"24098-18811","PF","Malcolm","Malcolm Miller","Miller","4.3818182511763135","11","3500","TOR@BKN","TOR","BKN","","","",""
"24098-20357","SF","Jalen","Jalen Jones","Jones","3.922222137451172","9","3500","DAL@NY","DAL","NY","","","",""
"24098-58247","PG","Isaiah","Isaiah Whitehead","Whitehead","10.449999809265137","16","3500","TOR@BKN","BKN","TOR","","","",""
"24098-18828","PG","Joe","Joe Young","Young","6.781632403938138","49","3500","IND@PHI","IND","PHI","","","",""
"24098-9615","SG","Courtney","Courtney Lee","Lee","22.9015380859375","65","3500","DAL@NY","NY","DAL","","","",""
"24098-66455","PF","Henry","Henry Ellenson","Ellenson","4.988888775860822","27","3500","DET@UTA","DET","UTA","","","",""
"24098-58270","PG","Edmond","Edmond Sumner","Sumner","0","0","3500","IND@PHI","IND","PHI","","","",""
"24098-18338","SF","Royce","Royce O'Neale","O'Neale","12.075925473813657","54","3500","DET@UTA","UTA","DET","","","",""
"24098-80805","PG","Markelle","Markelle Fultz","Fultz","12.574999809265137","4","3500","IND@PHI","PHI","IND","O","Shoulder","",""
"24098-23981","SG","Alex","Alex Caruso","Caruso","8.442307692307692","26","3500","DEN@LAL","LAL","DEN","","","",""
"24098-58800","SF","Daniel","Daniel Hamilton","Hamilton","7.375","4","3500","OKC@ATL","OKC","ATL","","","",""
"24098-9649","C","Nick","Nick Collison","Collison","4.399999936421712","12","3500","OKC@ATL","OKC","ATL","","","",""
"24098-80816","SG","Malik","Malik Monk","Monk","7.964583079020183","48","3500","CHA@NO","CHA","NO","","","",""
"24098-74163","PG","Josh","Josh Magette","Magette","7.961538461538462","13","3500","OKC@ATL","ATL","OKC","","","",""
"24098-80818","PF","TJ","TJ Leaf","Leaf","5.162500063578288","48","3500","IND@PHI","IND","PHI","","","",""
"24098-80820","SG","Terrance","Terrance Ferguson","Ferguson","5.694117527382047","51","3500","OKC@ATL","OKC","ATL","","","",""
"24098-80823","C","Tony","Tony Bradley","Bradley","2.5222223069932728","9","3500","DET@UTA","UTA","DET","","","",""
"24098-48570","PF","Isaiah","Isaiah Hicks","Hicks","4.316666603088379","6","3500","DAL@NY","NY","DAL","","","",""
"24098-80826","C","Ike","Ike Anigbogu","Anigbogu","3.3799999237060545","10","3500","IND@PHI","IND","PHI","","","",""
"24098-9669","PF","Jason","Jason Smith","Smith","7.12222233525029","27","3500","MIN@WAS","WAS","MIN","","","",""
"24098-48583","SG","Antonius","Antonius Cleveland","Cleveland","4.076923076923077","13","3500","OKC@ATL","ATL","OKC","O","Ankle","",""
"24098-40396","PG","Monte","Monte Morris","Morris","10.299999872843424","3","3500","DEN@LAL","DEN","LAL","","","",""
"24098-9677","PF","Jared","Jared Dudley","Dudley","8.848648483688766","37","3500","CLE@PHO","PHO","CLE","","","",""
"24098-9678","C","Channing","Channing Frye","Frye","10.2","45","3500","DEN@LAL","LAL","DEN","GTD","Abdomen","",""
"24098-16859","SF","Lance","Lance Thomas","Thomas","9.061905149429563","63","3500","DAL@NY","NY","DAL","GTD","Thumb","",""
"24098-34779","PF","Mangok","Mangok Mathiang","Mathiang","2.3999999364217124","3","3500","CHA@NO","CHA","NO","","","",""
"24098-16348","SG","Darrun","Darrun Hilliard","Hilliard","3.0642858232770647","14","3500","ORL@SA","SA","ORL","","","",""
"24098-24543","PF","Matt","Matt Costello","Costello","7.199999809265137","4","3500","ORL@SA","SA","ORL","","","",""
"24098-9706","SF","Richard","Richard Jefferson","Jefferson","3.826315628854852","19","3500","DEN@LAL","DEN","LAL","","","",""
"24098-9712","PG","Jose","Jose Calderon","Calderon","8.986363497647373","44","3500","CLE@PHO","CLE","PHO","","","",""
"24098-16368","PF","Mike","Mike Scott","Scott","14.233870967741936","62","3500","MIN@WAS","WAS","MIN","","","",""
"24098-63478","C","Cristiano","Cristiano Felicio","Felicio","9.5125","40","3500","LAC@CHI","CHI","LAC","","","",""
"24098-16375","SG","Jarell","Jarell Eddie","Eddie","1.3999999364217122","3","3500","LAC@CHI","CHI","LAC","","","",""
"24098-16376","SF","Dorian","Dorian Finney-Smith","Finney-Smith","6.4555553860134545","9","3500","DAL@NY","DAL","NY","GTD","Knee","",""
"24098-68090","SF","OG","OG Anunoby","Anunoby","12.220000203450521","60","3500","TOR@BKN","TOR","BKN","GTD","Ankle","",""
"24098-9725","SF","CJ","CJ Miles","Miles","16.223214285714285","56","3500","TOR@BKN","TOR","BKN","","","",""